Config,Model,Type,Epoch,Loss,Accuracy,Bleu1,Bleu2,Rouge,Meteor
1,vgg16,train,1,4.3285,0.05827505827505827,0.011904761904761908,0.0,0.0078125,0.00390625
