Config,Model,Type,Epoch,Loss,Accuracy,Bleu1,Bleu2,Rouge,Meteor
1,vgg16,train,1,5.3443,0.07350187265917603,0.00857142857142857,0.0,0.010156250000000002,0.005078125000000001
1,vgg16,train,2,4.9361,0.06734366648850881,0.15142857142857144,0.0325413745705534,0.15693824404761902,0.08095238095238096
1,vgg16,train,3,4.9897,0.06670942912123155,0.0542857142857143,0.013777161892428705,0.05481770833333334,0.026999627976190477
1,vgg16,train,4,4.6452,0.0859106529209622,0.15714285714285714,0.046880723093849545,0.16290922619047615,0.08186383928571428
1,vgg16,train,5,4.7151,0.08997314234556848,0.1742857142857143,0.0780634747747376,0.1801432291666667,0.09196428571428572
