Config,Model,Type,Epoch,Loss,Accuracy,Bleu1,Bleu2,Rouge,Meteor
1,resnet50,train,1,5.2192,0.005288807276073338,0.010071112297139695,0.0,0.010897435897435897,0.00567936494124277
1,resnet50,train,2,3.3128,0.07939694021643741,0.05619330757053293,0.02126490224567226,0.08341991875645721,0.04646843111409142
