config,model,type,epoch,loss,accuracy,bleu1,bleu2,rouge,meteor
1,densenet201,train,1,4.4773,0.0,0.011494252873563218,0.0,0.016666666666666666,0.011609253630530229
