Config,Model,Type,Epoch,Loss,Accuracy,Bleu1,Bleu2,Rouge,Meteor
1,resnet50,train,1,4.2850,0.015993327674680376,0.007931626571198083,0.0031029750200515446,0.020403634826711755,0.011649238779017832
