config,model,type,epoch,loss,accuracy,bleu1,bleu2,rouge,meteor
1,densenet201,train,1,4.5038,0.0,0.011363636363636359,0.0,0.014705882352941178,0.009615384615384616
