Config,Model,Type,Epoch,Loss,Accuracy,Bleu1,Bleu2,Rouge,Meteor
1,resnet50,train,1,55.1331,0.004808743169398907,0.0028124677271910126,0.0,0.007113799661876585,0.0031023274381843987
1,resnet50,val,1,7.0158,0.05186357243319269,0.02262872628726287,0.0,0.048468501984126985,0.020906985215166655
1,resnet50,train,2,42.9828,0.07924623667023492,0.033054772776556635,0.015764222983576617,0.07013881551141167,0.0479505383264009
1,resnet50,val,2,6.7710,0.10372714486638537,0.04850649350649351,0.03495345942682829,0.0912078373015873,0.07472515238185196
1,resnet50,test,2,7.1227,0.10872235872235872,0.046527777777777765,0.03449067335592914,0.08786375661375662,0.07279083508403361
