Config,Model,Type,Epoch,Loss,Accuracy,Bleu1,Bleu2,Rouge,Meteor
1,vgg16,train,1,inf,0.06431535269709543,0.00852272727272727,0.0,0.00744047619047619,0.003720238095238095
